﻿<?xml version="1.0"?>
<doc>
<assembly>
<name>
QCFT_LTE
</name>
</assembly>
<members>
<member name="P:QCFT_LTE.My.Resources.Resources.ResourceManager">
	<summary>
  Returns the cached ResourceManager instance used by this class.
</summary>
</member><member name="P:QCFT_LTE.My.Resources.Resources.Culture">
	<summary>
  Overrides the current thread's CurrentUICulture property for all
  resource lookups using this strongly typed resource class.
</summary>
</member><member name="P:QCFT_LTE.My.Resources.Resources._5f20c745605a2">
	<summary>
  Looks up a localized resource of type System.Drawing.Bitmap.
</summary>
</member><member name="T:QCFT_LTE.My.Resources.Resources">
	<summary>
  A strongly-typed resource class, for looking up localized strings, etc.
</summary>
</member>
</members>
</doc>